,a penguin made of piano. a penguin with the texture of piano.
images/dalle/reso-init/penguin-of-piano/penguin-of-piano-108.png,21.857483
images/dalle/reso-init/penguin-of-piano/penguin-of-piano-80.png,21.557144
images/dalle/reso-init/penguin-of-piano/penguin-of-piano-137.png,21.391615
images/dalle/reso-init/penguin-of-piano/penguin-of-piano-42.png,21.290218
images/dalle/reso-init/penguin-of-piano/penguin-of-piano-21.png,21.278223
images/dalle/reso-init/penguin-of-piano/penguin-of-piano-24.png,21.244627
images/dalle/reso-init/penguin-of-piano/penguin-of-piano-40.png,21.211979
images/dalle/reso-init/penguin-of-piano/penguin-of-piano-77.png,21.127228
images/dalle/reso-init/penguin-of-piano/penguin-of-piano-33.png,21.094631
images/dalle/reso-init/penguin-of-piano/penguin-of-piano-120.png,21.049366
images/dalle/reso-init/penguin-of-piano/penguin-of-piano-13.png,21.014795
images/dalle/reso-init/penguin-of-piano/penguin-of-piano-121.png,21.000511
images/dalle/reso-init/penguin-of-piano/penguin-of-piano-72.png,20.961226
images/dalle/reso-init/penguin-of-piano/penguin-of-piano-105.png,20.91728
images/dalle/reso-init/penguin-of-piano/penguin-of-piano-5.png,20.892845
images/dalle/reso-init/penguin-of-piano/penguin-of-piano-84.png,20.83855
images/dalle/reso-init/penguin-of-piano/penguin-of-piano-125.png,20.830103
images/dalle/reso-init/penguin-of-piano/penguin-of-piano-97.png,20.821112
images/dalle/reso-init/penguin-of-piano/penguin-of-piano-93.png,20.809078
images/dalle/reso-init/penguin-of-piano/penguin-of-piano-136.png,20.756052
images/dalle/reso-init/penguin-of-piano/penguin-of-piano-36.png,20.706758
images/dalle/reso-init/penguin-of-piano/penguin-of-piano-135.png,20.694996
images/dalle/reso-init/penguin-of-piano/penguin-of-piano-4.png,20.692614
images/dalle/reso-init/penguin-of-piano/penguin-of-piano-74.png,20.68727
images/dalle/reso-init/penguin-of-piano/penguin-of-piano-15.png,20.670912
images/dalle/reso-init/penguin-of-piano/penguin-of-piano-138.png,20.637926
images/dalle/reso-init/penguin-of-piano/penguin-of-piano-86.png,20.6207
images/dalle/reso-init/penguin-of-piano/penguin-of-piano-132.png,20.605797
images/dalle/reso-init/penguin-of-piano/penguin-of-piano-3.png,20.598831
images/dalle/reso-init/penguin-of-piano/penguin-of-piano-85.png,20.555693
images/dalle/reso-init/penguin-of-piano/penguin-of-piano-62.png,20.514458
images/dalle/reso-init/penguin-of-piano/penguin-of-piano-10.png,20.503056
images/dalle/reso-init/penguin-of-piano/penguin-of-piano-11.png,20.483177
images/dalle/reso-init/penguin-of-piano/penguin-of-piano-46.png,20.470001
images/dalle/reso-init/penguin-of-piano/penguin-of-piano-144.png,20.442005
images/dalle/reso-init/penguin-of-piano/penguin-of-piano-0.png,20.438509
images/dalle/reso-init/penguin-of-piano/penguin-of-piano-75.png,20.435602
images/dalle/reso-init/penguin-of-piano/penguin-of-piano-133.png,20.412584
images/dalle/reso-init/penguin-of-piano/penguin-of-piano-141.png,20.407999
images/dalle/reso-init/penguin-of-piano/penguin-of-piano-66.png,20.406713
images/dalle/reso-init/penguin-of-piano/penguin-of-piano-20.png,20.400753
images/dalle/reso-init/penguin-of-piano/penguin-of-piano-58.png,20.380611
images/dalle/reso-init/penguin-of-piano/penguin-of-piano-50.png,20.350351
images/dalle/reso-init/penguin-of-piano/penguin-of-piano-89.png,20.334715
images/dalle/reso-init/penguin-of-piano/penguin-of-piano-110.png,20.319567
images/dalle/reso-init/penguin-of-piano/penguin-of-piano-129.png,20.317715
images/dalle/reso-init/penguin-of-piano/penguin-of-piano-38.png,20.294155
images/dalle/reso-init/penguin-of-piano/penguin-of-piano-18.png,20.228043
images/dalle/reso-init/penguin-of-piano/penguin-of-piano-94.png,20.225573
images/dalle/reso-init/penguin-of-piano/penguin-of-piano-67.png,20.216154
images/dalle/reso-init/penguin-of-piano/penguin-of-piano-112.png,20.195488
images/dalle/reso-init/penguin-of-piano/penguin-of-piano-48.png,20.189186
images/dalle/reso-init/penguin-of-piano/penguin-of-piano-122.png,20.183922
images/dalle/reso-init/penguin-of-piano/penguin-of-piano-107.png,20.180962
images/dalle/reso-init/penguin-of-piano/penguin-of-piano-23.png,20.176235
images/dalle/reso-init/penguin-of-piano/penguin-of-piano-76.png,20.153479
images/dalle/reso-init/penguin-of-piano/penguin-of-piano-128.png,20.149405
images/dalle/reso-init/penguin-of-piano/penguin-of-piano-126.png,20.126839
images/dalle/reso-init/penguin-of-piano/penguin-of-piano-71.png,20.1263
images/dalle/reso-init/penguin-of-piano/penguin-of-piano-59.png,20.11978
images/dalle/reso-init/penguin-of-piano/penguin-of-piano-28.png,20.1017
images/dalle/reso-init/penguin-of-piano/penguin-of-piano-78.png,20.065546
images/dalle/reso-init/penguin-of-piano/penguin-of-piano-142.png,20.059849
images/dalle/reso-init/penguin-of-piano/penguin-of-piano-73.png,20.05582
images/dalle/reso-init/penguin-of-piano/penguin-of-piano-109.png,20.016535
images/dalle/reso-init/penguin-of-piano/penguin-of-piano-92.png,20.014593
images/dalle/reso-init/penguin-of-piano/penguin-of-piano-26.png,20.007116
images/dalle/reso-init/penguin-of-piano/penguin-of-piano-139.png,20.003666
images/dalle/reso-init/penguin-of-piano/penguin-of-piano-54.png,19.992493
images/dalle/reso-init/penguin-of-piano/penguin-of-piano-123.png,19.986954
images/dalle/reso-init/penguin-of-piano/penguin-of-piano-83.png,19.97586
images/dalle/reso-init/penguin-of-piano/penguin-of-piano-113.png,19.97407
images/dalle/reso-init/penguin-of-piano/penguin-of-piano-37.png,19.942299
images/dalle/reso-init/penguin-of-piano/penguin-of-piano-88.png,19.937048
images/dalle/reso-init/penguin-of-piano/penguin-of-piano-124.png,19.915245
images/dalle/reso-init/penguin-of-piano/penguin-of-piano-145.png,19.908964
images/dalle/reso-init/penguin-of-piano/penguin-of-piano-41.png,19.88997
images/dalle/reso-init/penguin-of-piano/penguin-of-piano-55.png,19.876726
images/dalle/reso-init/penguin-of-piano/penguin-of-piano-90.png,19.872623
images/dalle/reso-init/penguin-of-piano/penguin-of-piano-69.png,19.859264
images/dalle/reso-init/penguin-of-piano/penguin-of-piano-87.png,19.843224
images/dalle/reso-init/penguin-of-piano/penguin-of-piano-52.png,19.84006
images/dalle/reso-init/penguin-of-piano/penguin-of-piano-25.png,19.835936
images/dalle/reso-init/penguin-of-piano/penguin-of-piano-70.png,19.833494
images/dalle/reso-init/penguin-of-piano/penguin-of-piano-117.png,19.807198
images/dalle/reso-init/penguin-of-piano/penguin-of-piano-95.png,19.806168
images/dalle/reso-init/penguin-of-piano/penguin-of-piano-130.png,19.796295
images/dalle/reso-init/penguin-of-piano/penguin-of-piano-2.png,19.788322
images/dalle/reso-init/penguin-of-piano/penguin-of-piano-7.png,19.766453
images/dalle/reso-init/penguin-of-piano/penguin-of-piano-30.png,19.761269
images/dalle/reso-init/penguin-of-piano/penguin-of-piano-61.png,19.745829
images/dalle/reso-init/penguin-of-piano/penguin-of-piano-114.png,19.744305
images/dalle/reso-init/penguin-of-piano/penguin-of-piano-49.png,19.742666
images/dalle/reso-init/penguin-of-piano/penguin-of-piano-56.png,19.732023
images/dalle/reso-init/penguin-of-piano/penguin-of-piano-19.png,19.72888
images/dalle/reso-init/penguin-of-piano/penguin-of-piano-60.png,19.720264
images/dalle/reso-init/penguin-of-piano/penguin-of-piano-47.png,19.719896
images/dalle/reso-init/penguin-of-piano/penguin-of-piano-31.png,19.717178
images/dalle/reso-init/penguin-of-piano/penguin-of-piano-99.png,19.716267
images/dalle/reso-init/penguin-of-piano/penguin-of-piano-9.png,19.71547
images/dalle/reso-init/penguin-of-piano/penguin-of-piano-8.png,19.643026
images/dalle/reso-init/penguin-of-piano/penguin-of-piano-98.png,19.622446
images/dalle/reso-init/penguin-of-piano/penguin-of-piano-91.png,19.617472
images/dalle/reso-init/penguin-of-piano/penguin-of-piano-27.png,19.611237
images/dalle/reso-init/penguin-of-piano/penguin-of-piano-82.png,19.597412
images/dalle/reso-init/penguin-of-piano/penguin-of-piano-96.png,19.596529
images/dalle/reso-init/penguin-of-piano/penguin-of-piano-45.png,19.58543
images/dalle/reso-init/penguin-of-piano/penguin-of-piano-127.png,19.565226
images/dalle/reso-init/penguin-of-piano/penguin-of-piano-68.png,19.536293
images/dalle/reso-init/penguin-of-piano/penguin-of-piano-57.png,19.53235
images/dalle/reso-init/penguin-of-piano/penguin-of-piano-34.png,19.521124
images/dalle/reso-init/penguin-of-piano/penguin-of-piano-81.png,19.509739
images/dalle/reso-init/penguin-of-piano/penguin-of-piano-22.png,19.497614
images/dalle/reso-init/penguin-of-piano/penguin-of-piano-32.png,19.495941
images/dalle/reso-init/penguin-of-piano/penguin-of-piano-111.png,19.47165
images/dalle/reso-init/penguin-of-piano/penguin-of-piano-43.png,19.455061
images/dalle/reso-init/penguin-of-piano/penguin-of-piano-104.png,19.43436
images/dalle/reso-init/penguin-of-piano/penguin-of-piano-119.png,19.429382
images/dalle/reso-init/penguin-of-piano/penguin-of-piano-118.png,19.403065
images/dalle/reso-init/penguin-of-piano/penguin-of-piano-116.png,19.398735
images/dalle/reso-init/penguin-of-piano/penguin-of-piano-1.png,19.390089
images/dalle/reso-init/penguin-of-piano/penguin-of-piano-148.png,19.375935
images/dalle/reso-init/penguin-of-piano/penguin-of-piano-16.png,19.369402
images/dalle/reso-init/penguin-of-piano/penguin-of-piano-39.png,19.3178
images/dalle/reso-init/penguin-of-piano/penguin-of-piano-143.png,19.312935
images/dalle/reso-init/penguin-of-piano/penguin-of-piano-131.png,19.30552
images/dalle/reso-init/penguin-of-piano/penguin-of-piano-100.png,19.303648
images/dalle/reso-init/penguin-of-piano/penguin-of-piano-53.png,19.292788
images/dalle/reso-init/penguin-of-piano/penguin-of-piano-65.png,19.248919
images/dalle/reso-init/penguin-of-piano/penguin-of-piano-14.png,19.240393
images/dalle/reso-init/penguin-of-piano/penguin-of-piano-51.png,19.214907
images/dalle/reso-init/penguin-of-piano/penguin-of-piano-35.png,19.17633
images/dalle/reso-init/penguin-of-piano/penguin-of-piano-134.png,19.171701
images/dalle/reso-init/penguin-of-piano/penguin-of-piano-103.png,19.165915
images/dalle/reso-init/penguin-of-piano/penguin-of-piano-147.png,19.143158
images/dalle/reso-init/penguin-of-piano/penguin-of-piano-102.png,19.141659
images/dalle/reso-init/penguin-of-piano/penguin-of-piano-140.png,19.140205
images/dalle/reso-init/penguin-of-piano/penguin-of-piano-146.png,19.090471
images/dalle/reso-init/penguin-of-piano/penguin-of-piano-101.png,19.058254
images/dalle/reso-init/penguin-of-piano/penguin-of-piano-29.png,19.056898
images/dalle/reso-init/penguin-of-piano/penguin-of-piano-64.png,18.973816
images/dalle/reso-init/penguin-of-piano/penguin-of-piano-79.png,18.971151
images/dalle/reso-init/penguin-of-piano/penguin-of-piano-44.png,18.958973
images/dalle/reso-init/penguin-of-piano/penguin-of-piano-12.png,18.945486
images/dalle/reso-init/penguin-of-piano/penguin-of-piano-115.png,18.924784
images/dalle/reso-init/penguin-of-piano/penguin-of-piano-63.png,18.916712
images/dalle/reso-init/penguin-of-piano/penguin-of-piano-17.png,18.91436
images/dalle/reso-init/penguin-of-piano/penguin-of-piano-106.png,18.47837
images/dalle/reso-init/penguin-of-piano/penguin-of-piano-6.png,17.804567
