,a snail made of harp. a snail with the texture of a harp.
images/dalle/init/snail-of-harp/snail-of-harp-487.png,36.811047
images/dalle/init/snail-of-harp/snail-of-harp-134.png,36.773827
images/dalle/init/snail-of-harp/snail-of-harp-326.png,36.5954
images/dalle/init/snail-of-harp/snail-of-harp-268.png,36.50112
images/dalle/init/snail-of-harp/snail-of-harp-471.png,36.45369
images/dalle/init/snail-of-harp/snail-of-harp-38.png,36.35171
images/dalle/init/snail-of-harp/snail-of-harp-41.png,36.17778
images/dalle/init/snail-of-harp/snail-of-harp-498.png,35.95958
images/dalle/init/snail-of-harp/snail-of-harp-383.png,35.948643
images/dalle/init/snail-of-harp/snail-of-harp-138.png,35.906826
images/dalle/init/snail-of-harp/snail-of-harp-502.png,35.897713
images/dalle/init/snail-of-harp/snail-of-harp-445.png,35.82946
images/dalle/init/snail-of-harp/snail-of-harp-200.png,35.766678
images/dalle/init/snail-of-harp/snail-of-harp-186.png,35.655968
images/dalle/init/snail-of-harp/snail-of-harp-164.png,35.64902
images/dalle/init/snail-of-harp/snail-of-harp-65.png,35.645473
images/dalle/init/snail-of-harp/snail-of-harp-466.png,35.5479
images/dalle/init/snail-of-harp/snail-of-harp-473.png,35.427624
images/dalle/init/snail-of-harp/snail-of-harp-43.png,35.41336
images/dalle/init/snail-of-harp/snail-of-harp-4.png,35.383224
images/dalle/init/snail-of-harp/snail-of-harp-7.png,35.374004
images/dalle/init/snail-of-harp/snail-of-harp-417.png,35.28434
images/dalle/init/snail-of-harp/snail-of-harp-409.png,35.227158
images/dalle/init/snail-of-harp/snail-of-harp-132.png,35.172264
images/dalle/init/snail-of-harp/snail-of-harp-290.png,35.11171
images/dalle/init/snail-of-harp/snail-of-harp-309.png,34.997135
images/dalle/init/snail-of-harp/snail-of-harp-372.png,34.954178
images/dalle/init/snail-of-harp/snail-of-harp-420.png,34.839447
images/dalle/init/snail-of-harp/snail-of-harp-493.png,34.76998
images/dalle/init/snail-of-harp/snail-of-harp-287.png,34.67159
images/dalle/init/snail-of-harp/snail-of-harp-187.png,34.64311
images/dalle/init/snail-of-harp/snail-of-harp-51.png,34.624947
images/dalle/init/snail-of-harp/snail-of-harp-305.png,34.622585
images/dalle/init/snail-of-harp/snail-of-harp-210.png,34.605286
images/dalle/init/snail-of-harp/snail-of-harp-188.png,34.55575
images/dalle/init/snail-of-harp/snail-of-harp-45.png,34.543602
images/dalle/init/snail-of-harp/snail-of-harp-475.png,34.536488
images/dalle/init/snail-of-harp/snail-of-harp-29.png,34.51745
images/dalle/init/snail-of-harp/snail-of-harp-308.png,34.50634
images/dalle/init/snail-of-harp/snail-of-harp-483.png,34.47113
images/dalle/init/snail-of-harp/snail-of-harp-201.png,34.45255
images/dalle/init/snail-of-harp/snail-of-harp-437.png,34.432228
images/dalle/init/snail-of-harp/snail-of-harp-23.png,34.428345
images/dalle/init/snail-of-harp/snail-of-harp-222.png,34.42277
images/dalle/init/snail-of-harp/snail-of-harp-462.png,34.34148
images/dalle/init/snail-of-harp/snail-of-harp-393.png,34.32439
images/dalle/init/snail-of-harp/snail-of-harp-349.png,34.267345
images/dalle/init/snail-of-harp/snail-of-harp-115.png,34.244183
images/dalle/init/snail-of-harp/snail-of-harp-439.png,34.237625
images/dalle/init/snail-of-harp/snail-of-harp-331.png,34.19357
images/dalle/init/snail-of-harp/snail-of-harp-180.png,34.191425
images/dalle/init/snail-of-harp/snail-of-harp-216.png,34.187653
images/dalle/init/snail-of-harp/snail-of-harp-279.png,34.179096
images/dalle/init/snail-of-harp/snail-of-harp-10.png,34.16336
images/dalle/init/snail-of-harp/snail-of-harp-266.png,34.160583
images/dalle/init/snail-of-harp/snail-of-harp-250.png,34.159916
images/dalle/init/snail-of-harp/snail-of-harp-190.png,34.14622
images/dalle/init/snail-of-harp/snail-of-harp-206.png,34.145184
images/dalle/init/snail-of-harp/snail-of-harp-68.png,34.133755
images/dalle/init/snail-of-harp/snail-of-harp-345.png,34.11136
images/dalle/init/snail-of-harp/snail-of-harp-153.png,34.10344
images/dalle/init/snail-of-harp/snail-of-harp-460.png,34.05304
images/dalle/init/snail-of-harp/snail-of-harp-303.png,34.05021
images/dalle/init/snail-of-harp/snail-of-harp-457.png,34.050198
images/dalle/init/snail-of-harp/snail-of-harp-202.png,33.965206
images/dalle/init/snail-of-harp/snail-of-harp-485.png,33.9624
images/dalle/init/snail-of-harp/snail-of-harp-320.png,33.962387
images/dalle/init/snail-of-harp/snail-of-harp-401.png,33.956657
images/dalle/init/snail-of-harp/snail-of-harp-244.png,33.882286
images/dalle/init/snail-of-harp/snail-of-harp-444.png,33.849293
images/dalle/init/snail-of-harp/snail-of-harp-125.png,33.84316
images/dalle/init/snail-of-harp/snail-of-harp-62.png,33.823074
images/dalle/init/snail-of-harp/snail-of-harp-450.png,33.811413
images/dalle/init/snail-of-harp/snail-of-harp-32.png,33.80811
images/dalle/init/snail-of-harp/snail-of-harp-140.png,33.779762
images/dalle/init/snail-of-harp/snail-of-harp-240.png,33.771324
images/dalle/init/snail-of-harp/snail-of-harp-63.png,33.764465
images/dalle/init/snail-of-harp/snail-of-harp-49.png,33.750843
images/dalle/init/snail-of-harp/snail-of-harp-48.png,33.73574
images/dalle/init/snail-of-harp/snail-of-harp-422.png,33.724373
images/dalle/init/snail-of-harp/snail-of-harp-352.png,33.662582
images/dalle/init/snail-of-harp/snail-of-harp-507.png,33.63266
images/dalle/init/snail-of-harp/snail-of-harp-20.png,33.62764
images/dalle/init/snail-of-harp/snail-of-harp-388.png,33.58494
images/dalle/init/snail-of-harp/snail-of-harp-152.png,33.580326
images/dalle/init/snail-of-harp/snail-of-harp-81.png,33.57112
images/dalle/init/snail-of-harp/snail-of-harp-325.png,33.565224
images/dalle/init/snail-of-harp/snail-of-harp-499.png,33.549084
images/dalle/init/snail-of-harp/snail-of-harp-343.png,33.541405
images/dalle/init/snail-of-harp/snail-of-harp-42.png,33.511456
images/dalle/init/snail-of-harp/snail-of-harp-285.png,33.496277
images/dalle/init/snail-of-harp/snail-of-harp-451.png,33.49088
images/dalle/init/snail-of-harp/snail-of-harp-75.png,33.462616
images/dalle/init/snail-of-harp/snail-of-harp-67.png,33.461605
images/dalle/init/snail-of-harp/snail-of-harp-299.png,33.457233
images/dalle/init/snail-of-harp/snail-of-harp-112.png,33.425285
images/dalle/init/snail-of-harp/snail-of-harp-183.png,33.422752
images/dalle/init/snail-of-harp/snail-of-harp-150.png,33.419647
images/dalle/init/snail-of-harp/snail-of-harp-85.png,33.410896
images/dalle/init/snail-of-harp/snail-of-harp-199.png,33.381474
images/dalle/init/snail-of-harp/snail-of-harp-170.png,33.375565
images/dalle/init/snail-of-harp/snail-of-harp-204.png,33.37205
images/dalle/init/snail-of-harp/snail-of-harp-370.png,33.37162
images/dalle/init/snail-of-harp/snail-of-harp-64.png,33.366566
images/dalle/init/snail-of-harp/snail-of-harp-391.png,33.366222
images/dalle/init/snail-of-harp/snail-of-harp-375.png,33.358253
images/dalle/init/snail-of-harp/snail-of-harp-219.png,33.349014
images/dalle/init/snail-of-harp/snail-of-harp-82.png,33.341534
images/dalle/init/snail-of-harp/snail-of-harp-158.png,33.33683
images/dalle/init/snail-of-harp/snail-of-harp-377.png,33.33578
images/dalle/init/snail-of-harp/snail-of-harp-356.png,33.329147
images/dalle/init/snail-of-harp/snail-of-harp-218.png,33.32889
images/dalle/init/snail-of-harp/snail-of-harp-441.png,33.320526
images/dalle/init/snail-of-harp/snail-of-harp-399.png,33.317654
images/dalle/init/snail-of-harp/snail-of-harp-8.png,33.31155
images/dalle/init/snail-of-harp/snail-of-harp-459.png,33.309162
images/dalle/init/snail-of-harp/snail-of-harp-11.png,33.29988
images/dalle/init/snail-of-harp/snail-of-harp-421.png,33.288223
images/dalle/init/snail-of-harp/snail-of-harp-78.png,33.28749
images/dalle/init/snail-of-harp/snail-of-harp-257.png,33.2844
images/dalle/init/snail-of-harp/snail-of-harp-307.png,33.278984
images/dalle/init/snail-of-harp/snail-of-harp-40.png,33.25987
images/dalle/init/snail-of-harp/snail-of-harp-433.png,33.23795
images/dalle/init/snail-of-harp/snail-of-harp-224.png,33.237286
images/dalle/init/snail-of-harp/snail-of-harp-118.png,33.232395
images/dalle/init/snail-of-harp/snail-of-harp-127.png,33.23053
images/dalle/init/snail-of-harp/snail-of-harp-304.png,33.224316
images/dalle/init/snail-of-harp/snail-of-harp-193.png,33.22116
images/dalle/init/snail-of-harp/snail-of-harp-209.png,33.21295
images/dalle/init/snail-of-harp/snail-of-harp-185.png,33.209526
images/dalle/init/snail-of-harp/snail-of-harp-379.png,33.13335
images/dalle/init/snail-of-harp/snail-of-harp-362.png,33.131134
images/dalle/init/snail-of-harp/snail-of-harp-366.png,33.1266
images/dalle/init/snail-of-harp/snail-of-harp-21.png,33.123135
images/dalle/init/snail-of-harp/snail-of-harp-274.png,33.112614
images/dalle/init/snail-of-harp/snail-of-harp-476.png,33.110806
images/dalle/init/snail-of-harp/snail-of-harp-405.png,33.09611
images/dalle/init/snail-of-harp/snail-of-harp-431.png,33.067616
images/dalle/init/snail-of-harp/snail-of-harp-176.png,33.06688
images/dalle/init/snail-of-harp/snail-of-harp-166.png,33.056633
images/dalle/init/snail-of-harp/snail-of-harp-492.png,33.051414
images/dalle/init/snail-of-harp/snail-of-harp-217.png,33.051373
images/dalle/init/snail-of-harp/snail-of-harp-126.png,33.043076
images/dalle/init/snail-of-harp/snail-of-harp-275.png,33.04165
images/dalle/init/snail-of-harp/snail-of-harp-178.png,33.040913
images/dalle/init/snail-of-harp/snail-of-harp-39.png,33.024437
images/dalle/init/snail-of-harp/snail-of-harp-147.png,33.00971
images/dalle/init/snail-of-harp/snail-of-harp-319.png,33.007423
images/dalle/init/snail-of-harp/snail-of-harp-208.png,33.00241
images/dalle/init/snail-of-harp/snail-of-harp-245.png,32.974445
images/dalle/init/snail-of-harp/snail-of-harp-406.png,32.957882
images/dalle/init/snail-of-harp/snail-of-harp-230.png,32.95459
images/dalle/init/snail-of-harp/snail-of-harp-58.png,32.949245
images/dalle/init/snail-of-harp/snail-of-harp-249.png,32.94773
images/dalle/init/snail-of-harp/snail-of-harp-203.png,32.947002
images/dalle/init/snail-of-harp/snail-of-harp-486.png,32.939243
images/dalle/init/snail-of-harp/snail-of-harp-341.png,32.93743
images/dalle/init/snail-of-harp/snail-of-harp-472.png,32.934757
images/dalle/init/snail-of-harp/snail-of-harp-128.png,32.898808
images/dalle/init/snail-of-harp/snail-of-harp-495.png,32.89262
images/dalle/init/snail-of-harp/snail-of-harp-283.png,32.887775
images/dalle/init/snail-of-harp/snail-of-harp-255.png,32.8763
images/dalle/init/snail-of-harp/snail-of-harp-121.png,32.855427
images/dalle/init/snail-of-harp/snail-of-harp-284.png,32.85143
images/dalle/init/snail-of-harp/snail-of-harp-28.png,32.85056
images/dalle/init/snail-of-harp/snail-of-harp-157.png,32.835873
images/dalle/init/snail-of-harp/snail-of-harp-66.png,32.83363
images/dalle/init/snail-of-harp/snail-of-harp-73.png,32.82868
images/dalle/init/snail-of-harp/snail-of-harp-414.png,32.82143
images/dalle/init/snail-of-harp/snail-of-harp-93.png,32.815224
images/dalle/init/snail-of-harp/snail-of-harp-155.png,32.81281
images/dalle/init/snail-of-harp/snail-of-harp-478.png,32.809143
images/dalle/init/snail-of-harp/snail-of-harp-392.png,32.80629
images/dalle/init/snail-of-harp/snail-of-harp-463.png,32.79756
images/dalle/init/snail-of-harp/snail-of-harp-297.png,32.793903
images/dalle/init/snail-of-harp/snail-of-harp-92.png,32.779446
images/dalle/init/snail-of-harp/snail-of-harp-141.png,32.777523
images/dalle/init/snail-of-harp/snail-of-harp-102.png,32.7772
images/dalle/init/snail-of-harp/snail-of-harp-395.png,32.774155
images/dalle/init/snail-of-harp/snail-of-harp-429.png,32.765095
images/dalle/init/snail-of-harp/snail-of-harp-34.png,32.7618
images/dalle/init/snail-of-harp/snail-of-harp-15.png,32.76042
images/dalle/init/snail-of-harp/snail-of-harp-300.png,32.751648
images/dalle/init/snail-of-harp/snail-of-harp-70.png,32.743908
images/dalle/init/snail-of-harp/snail-of-harp-110.png,32.740067
images/dalle/init/snail-of-harp/snail-of-harp-221.png,32.72353
images/dalle/init/snail-of-harp/snail-of-harp-286.png,32.717983
images/dalle/init/snail-of-harp/snail-of-harp-231.png,32.716022
images/dalle/init/snail-of-harp/snail-of-harp-189.png,32.701206
images/dalle/init/snail-of-harp/snail-of-harp-384.png,32.689877
images/dalle/init/snail-of-harp/snail-of-harp-436.png,32.678337
images/dalle/init/snail-of-harp/snail-of-harp-321.png,32.672512
images/dalle/init/snail-of-harp/snail-of-harp-72.png,32.6691
images/dalle/init/snail-of-harp/snail-of-harp-212.png,32.66667
images/dalle/init/snail-of-harp/snail-of-harp-258.png,32.66206
images/dalle/init/snail-of-harp/snail-of-harp-0.png,32.660835
images/dalle/init/snail-of-harp/snail-of-harp-477.png,32.660378
images/dalle/init/snail-of-harp/snail-of-harp-13.png,32.65523
images/dalle/init/snail-of-harp/snail-of-harp-301.png,32.64947
images/dalle/init/snail-of-harp/snail-of-harp-55.png,32.647427
images/dalle/init/snail-of-harp/snail-of-harp-292.png,32.637257
images/dalle/init/snail-of-harp/snail-of-harp-104.png,32.626663
images/dalle/init/snail-of-harp/snail-of-harp-446.png,32.62332
images/dalle/init/snail-of-harp/snail-of-harp-174.png,32.623188
images/dalle/init/snail-of-harp/snail-of-harp-191.png,32.622086
images/dalle/init/snail-of-harp/snail-of-harp-88.png,32.621986
images/dalle/init/snail-of-harp/snail-of-harp-167.png,32.61744
images/dalle/init/snail-of-harp/snail-of-harp-371.png,32.609375
images/dalle/init/snail-of-harp/snail-of-harp-387.png,32.607452
images/dalle/init/snail-of-harp/snail-of-harp-276.png,32.597298
images/dalle/init/snail-of-harp/snail-of-harp-435.png,32.59489
images/dalle/init/snail-of-harp/snail-of-harp-335.png,32.59395
images/dalle/init/snail-of-harp/snail-of-harp-271.png,32.57804
images/dalle/init/snail-of-harp/snail-of-harp-114.png,32.57676
images/dalle/init/snail-of-harp/snail-of-harp-291.png,32.57605
images/dalle/init/snail-of-harp/snail-of-harp-281.png,32.570995
images/dalle/init/snail-of-harp/snail-of-harp-44.png,32.568336
images/dalle/init/snail-of-harp/snail-of-harp-280.png,32.565586
images/dalle/init/snail-of-harp/snail-of-harp-412.png,32.563026
images/dalle/init/snail-of-harp/snail-of-harp-398.png,32.561718
images/dalle/init/snail-of-harp/snail-of-harp-238.png,32.55863
images/dalle/init/snail-of-harp/snail-of-harp-254.png,32.55345
images/dalle/init/snail-of-harp/snail-of-harp-410.png,32.538406
images/dalle/init/snail-of-harp/snail-of-harp-234.png,32.51899
images/dalle/init/snail-of-harp/snail-of-harp-148.png,32.512783
images/dalle/init/snail-of-harp/snail-of-harp-267.png,32.504696
images/dalle/init/snail-of-harp/snail-of-harp-500.png,32.496117
images/dalle/init/snail-of-harp/snail-of-harp-353.png,32.495712
images/dalle/init/snail-of-harp/snail-of-harp-207.png,32.493877
images/dalle/init/snail-of-harp/snail-of-harp-491.png,32.492493
images/dalle/init/snail-of-harp/snail-of-harp-130.png,32.490875
images/dalle/init/snail-of-harp/snail-of-harp-9.png,32.47951
images/dalle/init/snail-of-harp/snail-of-harp-47.png,32.468464
images/dalle/init/snail-of-harp/snail-of-harp-488.png,32.463486
images/dalle/init/snail-of-harp/snail-of-harp-262.png,32.459576
images/dalle/init/snail-of-harp/snail-of-harp-61.png,32.4507
images/dalle/init/snail-of-harp/snail-of-harp-361.png,32.446426
images/dalle/init/snail-of-harp/snail-of-harp-236.png,32.42556
images/dalle/init/snail-of-harp/snail-of-harp-195.png,32.419785
images/dalle/init/snail-of-harp/snail-of-harp-448.png,32.419193
images/dalle/init/snail-of-harp/snail-of-harp-14.png,32.414772
images/dalle/init/snail-of-harp/snail-of-harp-316.png,32.411396
images/dalle/init/snail-of-harp/snail-of-harp-310.png,32.40924
images/dalle/init/snail-of-harp/snail-of-harp-293.png,32.400967
images/dalle/init/snail-of-harp/snail-of-harp-79.png,32.399105
images/dalle/init/snail-of-harp/snail-of-harp-312.png,32.39893
images/dalle/init/snail-of-harp/snail-of-harp-348.png,32.39691
images/dalle/init/snail-of-harp/snail-of-harp-358.png,32.38026
images/dalle/init/snail-of-harp/snail-of-harp-302.png,32.378735
images/dalle/init/snail-of-harp/snail-of-harp-151.png,32.37853
images/dalle/init/snail-of-harp/snail-of-harp-99.png,32.37635
images/dalle/init/snail-of-harp/snail-of-harp-378.png,32.371063
images/dalle/init/snail-of-harp/snail-of-harp-453.png,32.354504
images/dalle/init/snail-of-harp/snail-of-harp-338.png,32.346245
images/dalle/init/snail-of-harp/snail-of-harp-443.png,32.344063
images/dalle/init/snail-of-harp/snail-of-harp-54.png,32.34117
images/dalle/init/snail-of-harp/snail-of-harp-89.png,32.330322
images/dalle/init/snail-of-harp/snail-of-harp-247.png,32.32544
images/dalle/init/snail-of-harp/snail-of-harp-270.png,32.323635
images/dalle/init/snail-of-harp/snail-of-harp-357.png,32.30954
images/dalle/init/snail-of-harp/snail-of-harp-454.png,32.30619
images/dalle/init/snail-of-harp/snail-of-harp-94.png,32.304977
images/dalle/init/snail-of-harp/snail-of-harp-328.png,32.300007
images/dalle/init/snail-of-harp/snail-of-harp-430.png,32.28896
images/dalle/init/snail-of-harp/snail-of-harp-239.png,32.286327
images/dalle/init/snail-of-harp/snail-of-harp-197.png,32.283802
images/dalle/init/snail-of-harp/snail-of-harp-122.png,32.281
images/dalle/init/snail-of-harp/snail-of-harp-481.png,32.27925
images/dalle/init/snail-of-harp/snail-of-harp-165.png,32.27829
images/dalle/init/snail-of-harp/snail-of-harp-367.png,32.275173
images/dalle/init/snail-of-harp/snail-of-harp-69.png,32.273952
images/dalle/init/snail-of-harp/snail-of-harp-136.png,32.27161
images/dalle/init/snail-of-harp/snail-of-harp-272.png,32.26865
images/dalle/init/snail-of-harp/snail-of-harp-97.png,32.257416
images/dalle/init/snail-of-harp/snail-of-harp-235.png,32.242695
images/dalle/init/snail-of-harp/snail-of-harp-344.png,32.240128
images/dalle/init/snail-of-harp/snail-of-harp-428.png,32.240097
images/dalle/init/snail-of-harp/snail-of-harp-117.png,32.236282
images/dalle/init/snail-of-harp/snail-of-harp-294.png,32.23043
images/dalle/init/snail-of-harp/snail-of-harp-46.png,32.229847
images/dalle/init/snail-of-harp/snail-of-harp-263.png,32.219334
images/dalle/init/snail-of-harp/snail-of-harp-106.png,32.217583
images/dalle/init/snail-of-harp/snail-of-harp-494.png,32.21213
images/dalle/init/snail-of-harp/snail-of-harp-403.png,32.209812
images/dalle/init/snail-of-harp/snail-of-harp-469.png,32.205853
images/dalle/init/snail-of-harp/snail-of-harp-351.png,32.20412
images/dalle/init/snail-of-harp/snail-of-harp-144.png,32.203457
images/dalle/init/snail-of-harp/snail-of-harp-432.png,32.193005
images/dalle/init/snail-of-harp/snail-of-harp-407.png,32.18026
images/dalle/init/snail-of-harp/snail-of-harp-248.png,32.179405
images/dalle/init/snail-of-harp/snail-of-harp-119.png,32.16729
images/dalle/init/snail-of-harp/snail-of-harp-12.png,32.16722
images/dalle/init/snail-of-harp/snail-of-harp-223.png,32.163204
images/dalle/init/snail-of-harp/snail-of-harp-56.png,32.159336
images/dalle/init/snail-of-harp/snail-of-harp-424.png,32.15593
images/dalle/init/snail-of-harp/snail-of-harp-24.png,32.14349
images/dalle/init/snail-of-harp/snail-of-harp-135.png,32.14226
images/dalle/init/snail-of-harp/snail-of-harp-227.png,32.13878
images/dalle/init/snail-of-harp/snail-of-harp-323.png,32.126892
images/dalle/init/snail-of-harp/snail-of-harp-116.png,32.121716
images/dalle/init/snail-of-harp/snail-of-harp-259.png,32.117317
images/dalle/init/snail-of-harp/snail-of-harp-400.png,32.114437
images/dalle/init/snail-of-harp/snail-of-harp-233.png,32.113235
images/dalle/init/snail-of-harp/snail-of-harp-211.png,32.101665
images/dalle/init/snail-of-harp/snail-of-harp-489.png,32.088367
images/dalle/init/snail-of-harp/snail-of-harp-456.png,32.086967
images/dalle/init/snail-of-harp/snail-of-harp-506.png,32.08664
images/dalle/init/snail-of-harp/snail-of-harp-282.png,32.084137
images/dalle/init/snail-of-harp/snail-of-harp-278.png,32.082157
images/dalle/init/snail-of-harp/snail-of-harp-261.png,32.078716
images/dalle/init/snail-of-harp/snail-of-harp-340.png,32.07828
images/dalle/init/snail-of-harp/snail-of-harp-504.png,32.07097
images/dalle/init/snail-of-harp/snail-of-harp-413.png,32.069744
images/dalle/init/snail-of-harp/snail-of-harp-347.png,32.066685
images/dalle/init/snail-of-harp/snail-of-harp-490.png,32.05965
images/dalle/init/snail-of-harp/snail-of-harp-509.png,32.052654
images/dalle/init/snail-of-harp/snail-of-harp-2.png,32.038055
images/dalle/init/snail-of-harp/snail-of-harp-510.png,32.031895
images/dalle/init/snail-of-harp/snail-of-harp-416.png,32.029774
images/dalle/init/snail-of-harp/snail-of-harp-123.png,32.028515
images/dalle/init/snail-of-harp/snail-of-harp-427.png,32.0078
images/dalle/init/snail-of-harp/snail-of-harp-192.png,32.001335
images/dalle/init/snail-of-harp/snail-of-harp-264.png,32.00069
images/dalle/init/snail-of-harp/snail-of-harp-295.png,31.977432
images/dalle/init/snail-of-harp/snail-of-harp-87.png,31.952799
images/dalle/init/snail-of-harp/snail-of-harp-438.png,31.947037
images/dalle/init/snail-of-harp/snail-of-harp-260.png,31.930202
images/dalle/init/snail-of-harp/snail-of-harp-434.png,31.919718
images/dalle/init/snail-of-harp/snail-of-harp-355.png,31.913328
images/dalle/init/snail-of-harp/snail-of-harp-109.png,31.905735
images/dalle/init/snail-of-harp/snail-of-harp-269.png,31.899649
images/dalle/init/snail-of-harp/snail-of-harp-198.png,31.898685
images/dalle/init/snail-of-harp/snail-of-harp-160.png,31.898663
images/dalle/init/snail-of-harp/snail-of-harp-452.png,31.89844
images/dalle/init/snail-of-harp/snail-of-harp-324.png,31.889702
images/dalle/init/snail-of-harp/snail-of-harp-177.png,31.887362
images/dalle/init/snail-of-harp/snail-of-harp-389.png,31.886408
images/dalle/init/snail-of-harp/snail-of-harp-159.png,31.88591
images/dalle/init/snail-of-harp/snail-of-harp-105.png,31.884674
images/dalle/init/snail-of-harp/snail-of-harp-50.png,31.879961
images/dalle/init/snail-of-harp/snail-of-harp-194.png,31.870247
images/dalle/init/snail-of-harp/snail-of-harp-1.png,31.869385
images/dalle/init/snail-of-harp/snail-of-harp-315.png,31.86137
images/dalle/init/snail-of-harp/snail-of-harp-497.png,31.846962
images/dalle/init/snail-of-harp/snail-of-harp-213.png,31.843925
images/dalle/init/snail-of-harp/snail-of-harp-143.png,31.8398
images/dalle/init/snail-of-harp/snail-of-harp-22.png,31.836384
images/dalle/init/snail-of-harp/snail-of-harp-154.png,31.83607
images/dalle/init/snail-of-harp/snail-of-harp-76.png,31.835312
images/dalle/init/snail-of-harp/snail-of-harp-334.png,31.831377
images/dalle/init/snail-of-harp/snail-of-harp-314.png,31.821981
images/dalle/init/snail-of-harp/snail-of-harp-184.png,31.820137
images/dalle/init/snail-of-harp/snail-of-harp-380.png,31.816696
images/dalle/init/snail-of-harp/snail-of-harp-311.png,31.815842
images/dalle/init/snail-of-harp/snail-of-harp-313.png,31.815628
images/dalle/init/snail-of-harp/snail-of-harp-19.png,31.81076
images/dalle/init/snail-of-harp/snail-of-harp-196.png,31.797781
images/dalle/init/snail-of-harp/snail-of-harp-182.png,31.789034
images/dalle/init/snail-of-harp/snail-of-harp-101.png,31.786013
images/dalle/init/snail-of-harp/snail-of-harp-103.png,31.782887
images/dalle/init/snail-of-harp/snail-of-harp-162.png,31.776762
images/dalle/init/snail-of-harp/snail-of-harp-246.png,31.77013
images/dalle/init/snail-of-harp/snail-of-harp-31.png,31.767303
images/dalle/init/snail-of-harp/snail-of-harp-133.png,31.753817
images/dalle/init/snail-of-harp/snail-of-harp-107.png,31.750643
images/dalle/init/snail-of-harp/snail-of-harp-277.png,31.736744
images/dalle/init/snail-of-harp/snail-of-harp-95.png,31.732649
images/dalle/init/snail-of-harp/snail-of-harp-142.png,31.731325
images/dalle/init/snail-of-harp/snail-of-harp-108.png,31.727959
images/dalle/init/snail-of-harp/snail-of-harp-18.png,31.722265
images/dalle/init/snail-of-harp/snail-of-harp-113.png,31.715614
images/dalle/init/snail-of-harp/snail-of-harp-74.png,31.71063
images/dalle/init/snail-of-harp/snail-of-harp-415.png,31.708353
images/dalle/init/snail-of-harp/snail-of-harp-241.png,31.705824
images/dalle/init/snail-of-harp/snail-of-harp-461.png,31.705635
images/dalle/init/snail-of-harp/snail-of-harp-484.png,31.700348
images/dalle/init/snail-of-harp/snail-of-harp-37.png,31.690704
images/dalle/init/snail-of-harp/snail-of-harp-474.png,31.68524
images/dalle/init/snail-of-harp/snail-of-harp-237.png,31.684938
images/dalle/init/snail-of-harp/snail-of-harp-84.png,31.683868
images/dalle/init/snail-of-harp/snail-of-harp-27.png,31.673891
images/dalle/init/snail-of-harp/snail-of-harp-470.png,31.672169
images/dalle/init/snail-of-harp/snail-of-harp-215.png,31.668674
images/dalle/init/snail-of-harp/snail-of-harp-449.png,31.66344
images/dalle/init/snail-of-harp/snail-of-harp-181.png,31.658627
images/dalle/init/snail-of-harp/snail-of-harp-418.png,31.65767
images/dalle/init/snail-of-harp/snail-of-harp-306.png,31.652653
images/dalle/init/snail-of-harp/snail-of-harp-386.png,31.62161
images/dalle/init/snail-of-harp/snail-of-harp-318.png,31.621338
images/dalle/init/snail-of-harp/snail-of-harp-447.png,31.607336
images/dalle/init/snail-of-harp/snail-of-harp-394.png,31.598959
images/dalle/init/snail-of-harp/snail-of-harp-382.png,31.597841
images/dalle/init/snail-of-harp/snail-of-harp-173.png,31.596052
images/dalle/init/snail-of-harp/snail-of-harp-169.png,31.593245
images/dalle/init/snail-of-harp/snail-of-harp-360.png,31.58567
images/dalle/init/snail-of-harp/snail-of-harp-373.png,31.584423
images/dalle/init/snail-of-harp/snail-of-harp-129.png,31.583918
images/dalle/init/snail-of-harp/snail-of-harp-242.png,31.565636
images/dalle/init/snail-of-harp/snail-of-harp-120.png,31.551477
images/dalle/init/snail-of-harp/snail-of-harp-111.png,31.548676
images/dalle/init/snail-of-harp/snail-of-harp-228.png,31.548325
images/dalle/init/snail-of-harp/snail-of-harp-156.png,31.540543
images/dalle/init/snail-of-harp/snail-of-harp-426.png,31.539948
images/dalle/init/snail-of-harp/snail-of-harp-86.png,31.537762
images/dalle/init/snail-of-harp/snail-of-harp-501.png,31.533861
images/dalle/init/snail-of-harp/snail-of-harp-52.png,31.529163
images/dalle/init/snail-of-harp/snail-of-harp-396.png,31.52827
images/dalle/init/snail-of-harp/snail-of-harp-332.png,31.527498
images/dalle/init/snail-of-harp/snail-of-harp-6.png,31.51924
images/dalle/init/snail-of-harp/snail-of-harp-5.png,31.518238
images/dalle/init/snail-of-harp/snail-of-harp-232.png,31.500711
images/dalle/init/snail-of-harp/snail-of-harp-96.png,31.489456
images/dalle/init/snail-of-harp/snail-of-harp-80.png,31.477541
images/dalle/init/snail-of-harp/snail-of-harp-100.png,31.470589
images/dalle/init/snail-of-harp/snail-of-harp-374.png,31.466013
images/dalle/init/snail-of-harp/snail-of-harp-365.png,31.465603
images/dalle/init/snail-of-harp/snail-of-harp-175.png,31.458849
images/dalle/init/snail-of-harp/snail-of-harp-243.png,31.44856
images/dalle/init/snail-of-harp/snail-of-harp-327.png,31.447208
images/dalle/init/snail-of-harp/snail-of-harp-458.png,31.445349
images/dalle/init/snail-of-harp/snail-of-harp-253.png,31.416256
images/dalle/init/snail-of-harp/snail-of-harp-423.png,31.414976
images/dalle/init/snail-of-harp/snail-of-harp-205.png,31.409958
images/dalle/init/snail-of-harp/snail-of-harp-480.png,31.407839
images/dalle/init/snail-of-harp/snail-of-harp-179.png,31.405317
images/dalle/init/snail-of-harp/snail-of-harp-330.png,31.402159
images/dalle/init/snail-of-harp/snail-of-harp-425.png,31.391466
images/dalle/init/snail-of-harp/snail-of-harp-71.png,31.386587
images/dalle/init/snail-of-harp/snail-of-harp-146.png,31.37693
images/dalle/init/snail-of-harp/snail-of-harp-273.png,31.376314
images/dalle/init/snail-of-harp/snail-of-harp-390.png,31.331598
images/dalle/init/snail-of-harp/snail-of-harp-83.png,31.327856
images/dalle/init/snail-of-harp/snail-of-harp-364.png,31.314001
images/dalle/init/snail-of-harp/snail-of-harp-397.png,31.311592
images/dalle/init/snail-of-harp/snail-of-harp-369.png,31.306065
images/dalle/init/snail-of-harp/snail-of-harp-404.png,31.30027
images/dalle/init/snail-of-harp/snail-of-harp-503.png,31.298368
images/dalle/init/snail-of-harp/snail-of-harp-482.png,31.297081
images/dalle/init/snail-of-harp/snail-of-harp-468.png,31.282026
images/dalle/init/snail-of-harp/snail-of-harp-329.png,31.276142
images/dalle/init/snail-of-harp/snail-of-harp-226.png,31.274084
images/dalle/init/snail-of-harp/snail-of-harp-17.png,31.270527
images/dalle/init/snail-of-harp/snail-of-harp-33.png,31.264114
images/dalle/init/snail-of-harp/snail-of-harp-385.png,31.260288
images/dalle/init/snail-of-harp/snail-of-harp-467.png,31.242592
images/dalle/init/snail-of-harp/snail-of-harp-35.png,31.218555
images/dalle/init/snail-of-harp/snail-of-harp-317.png,31.205309
images/dalle/init/snail-of-harp/snail-of-harp-98.png,31.193039
images/dalle/init/snail-of-harp/snail-of-harp-25.png,31.192467
images/dalle/init/snail-of-harp/snail-of-harp-296.png,31.180998
images/dalle/init/snail-of-harp/snail-of-harp-354.png,31.17722
images/dalle/init/snail-of-harp/snail-of-harp-220.png,31.16905
images/dalle/init/snail-of-harp/snail-of-harp-16.png,31.164562
images/dalle/init/snail-of-harp/snail-of-harp-90.png,31.106955
images/dalle/init/snail-of-harp/snail-of-harp-350.png,31.080765
images/dalle/init/snail-of-harp/snail-of-harp-363.png,31.077162
images/dalle/init/snail-of-harp/snail-of-harp-333.png,31.064507
images/dalle/init/snail-of-harp/snail-of-harp-419.png,31.060965
images/dalle/init/snail-of-harp/snail-of-harp-139.png,31.055128
images/dalle/init/snail-of-harp/snail-of-harp-298.png,31.04229
images/dalle/init/snail-of-harp/snail-of-harp-26.png,31.016853
images/dalle/init/snail-of-harp/snail-of-harp-381.png,31.013342
images/dalle/init/snail-of-harp/snail-of-harp-252.png,30.992085
images/dalle/init/snail-of-harp/snail-of-harp-440.png,30.957085
images/dalle/init/snail-of-harp/snail-of-harp-336.png,30.950659
images/dalle/init/snail-of-harp/snail-of-harp-131.png,30.946945
images/dalle/init/snail-of-harp/snail-of-harp-455.png,30.939474
images/dalle/init/snail-of-harp/snail-of-harp-511.png,30.937988
images/dalle/init/snail-of-harp/snail-of-harp-3.png,30.913492
images/dalle/init/snail-of-harp/snail-of-harp-163.png,30.913294
images/dalle/init/snail-of-harp/snail-of-harp-265.png,30.911966
images/dalle/init/snail-of-harp/snail-of-harp-465.png,30.893267
images/dalle/init/snail-of-harp/snail-of-harp-57.png,30.826218
images/dalle/init/snail-of-harp/snail-of-harp-60.png,30.818245
images/dalle/init/snail-of-harp/snail-of-harp-496.png,30.769665
images/dalle/init/snail-of-harp/snail-of-harp-59.png,30.74072
images/dalle/init/snail-of-harp/snail-of-harp-149.png,30.73029
images/dalle/init/snail-of-harp/snail-of-harp-368.png,30.726332
images/dalle/init/snail-of-harp/snail-of-harp-161.png,30.713808
images/dalle/init/snail-of-harp/snail-of-harp-172.png,30.71127
images/dalle/init/snail-of-harp/snail-of-harp-289.png,30.700047
images/dalle/init/snail-of-harp/snail-of-harp-411.png,30.68834
images/dalle/init/snail-of-harp/snail-of-harp-359.png,30.68749
images/dalle/init/snail-of-harp/snail-of-harp-124.png,30.68585
images/dalle/init/snail-of-harp/snail-of-harp-36.png,30.685198
images/dalle/init/snail-of-harp/snail-of-harp-337.png,30.666855
images/dalle/init/snail-of-harp/snail-of-harp-288.png,30.619785
images/dalle/init/snail-of-harp/snail-of-harp-442.png,30.617662
images/dalle/init/snail-of-harp/snail-of-harp-53.png,30.599537
images/dalle/init/snail-of-harp/snail-of-harp-346.png,30.551905
images/dalle/init/snail-of-harp/snail-of-harp-256.png,30.54215
images/dalle/init/snail-of-harp/snail-of-harp-168.png,30.535624
images/dalle/init/snail-of-harp/snail-of-harp-479.png,30.516254
images/dalle/init/snail-of-harp/snail-of-harp-402.png,30.504799
images/dalle/init/snail-of-harp/snail-of-harp-91.png,30.50307
images/dalle/init/snail-of-harp/snail-of-harp-408.png,30.50091
images/dalle/init/snail-of-harp/snail-of-harp-137.png,30.496984
images/dalle/init/snail-of-harp/snail-of-harp-322.png,30.495539
images/dalle/init/snail-of-harp/snail-of-harp-505.png,30.420456
images/dalle/init/snail-of-harp/snail-of-harp-30.png,30.40846
images/dalle/init/snail-of-harp/snail-of-harp-376.png,30.357985
images/dalle/init/snail-of-harp/snail-of-harp-225.png,30.317684
images/dalle/init/snail-of-harp/snail-of-harp-229.png,30.297014
images/dalle/init/snail-of-harp/snail-of-harp-77.png,30.228722
images/dalle/init/snail-of-harp/snail-of-harp-339.png,30.221458
images/dalle/init/snail-of-harp/snail-of-harp-342.png,30.078602
images/dalle/init/snail-of-harp/snail-of-harp-508.png,30.007732
images/dalle/init/snail-of-harp/snail-of-harp-464.png,29.983122
images/dalle/init/snail-of-harp/snail-of-harp-145.png,29.972897
images/dalle/init/snail-of-harp/snail-of-harp-251.png,29.801146
images/dalle/init/snail-of-harp/snail-of-harp-171.png,29.401033
images/dalle/init/snail-of-harp/snail-of-harp-214.png,28.863922
